{
    "name": "root",
    "gauges": {
        "Combiner.Policy.Entropy.mean": {
            "value": 2.982212781906128,
            "min": 2.8636093139648438,
            "max": 4.776937007904053,
            "count": 200
        },
        "Combiner.Environment.LessonNumber.void_ratio.mean": {
            "value": 0.0,
            "min": 0.0,
            "max": 0.0,
            "count": 200
        },
        "Combiner.Policy.ExtrinsicValueEstimate.mean": {
            "value": 0.008858145214617252,
            "min": -0.3328215479850769,
            "max": 0.013917321339249611,
            "count": 200
        },
        "Combiner.Policy.CuriosityValueEstimate.mean": {
            "value": 0.4909619390964508,
            "min": -0.2813143730163574,
            "max": 0.5717999935150146,
            "count": 200
        },
        "Combiner.Environment.EpisodeLength.mean": {
            "value": 9999.0,
            "min": 1614.5,
            "max": 9999.0,
            "count": 196
        },
        "Combiner.Environment.CumulativeReward.mean": {
            "value": 0.7751999689498916,
            "min": -0.5605999741237611,
            "max": 1.6232000183081254,
            "count": 200
        },
        "Combiner.Policy.ExtrinsicReward.mean": {
            "value": 0.7751999689498916,
            "min": -0.5605999741237611,
            "max": 1.6232000183081254,
            "count": 200
        },
        "Combiner.Policy.CuriosityReward.mean": {
            "value": 47.35091511905193,
            "min": 0.0,
            "max": 61.37626043707132,
            "count": 200
        },
        "Combiner.IsTraining.mean": {
            "value": 1.0,
            "min": 1.0,
            "max": 1.0,
            "count": 200
        },
        "Combiner.Losses.PolicyLoss.mean": {
            "value": 0.09354749243211699,
            "min": 0.07604653028586957,
            "max": 0.10861916049810437,
            "count": 194
        },
        "Combiner.Losses.ValueLoss.mean": {
            "value": 8.821268248008588e-06,
            "min": 8.472990529639901e-06,
            "max": 0.22061480494836966,
            "count": 194
        },
        "Combiner.Policy.LearningRate.mean": {
            "value": 1.5254494915500146e-06,
            "min": 1.5254494915500146e-06,
            "max": 0.0002984596505134499,
            "count": 194
        },
        "Combiner.Policy.Epsilon.mean": {
            "value": 0.10050844999999999,
            "min": 0.10050844999999999,
            "max": 0.19948655,
            "count": 194
        },
        "Combiner.Policy.Beta.mean": {
            "value": 3.537165500000024e-05,
            "min": 3.537165500000024e-05,
            "max": 0.004974378845000001,
            "count": 194
        },
        "Combiner.Losses.CuriosityForwardLoss.mean": {
            "value": 0.23409940392399828,
            "min": 0.1388773125130683,
            "max": 1.8770336688806613,
            "count": 194
        },
        "Combiner.Losses.CuriosityInverseLoss.mean": {
            "value": 1.7652415630718072,
            "min": 1.640656334410111,
            "max": 4.707060371836026,
            "count": 194
        }
    },
    "metadata": {
        "timer_format_version": "0.1.0",
        "start_time_seconds": "1615233303",
        "python_version": "3.7.9 (v3.7.9:13c94747c7, Aug 15 2020, 01:31:08) \n[Clang 6.0 (clang-600.0.57)]",
        "command_line_arguments": "/Volumes/SSD EXT/Python_venv/Venv_Class2/bin/mlagents-learn Combiner_R01.yaml --run-id=Combiner_R01_C",
        "mlagents_version": "0.22.0",
        "mlagents_envs_version": "0.22.0",
        "communication_protocol_version": "1.2.0",
        "pytorch_version": "1.7.0",
        "numpy_version": "1.18.5",
        "end_time_seconds": "1615244206"
    },
    "total": 10902.699258795,
    "count": 1,
    "self": 0.026909573001830722,
    "children": {
        "run_training.setup": {
            "total": 0.018225548000000202,
            "count": 1,
            "self": 0.018225548000000202
        },
        "TrainerController.start_learning": {
            "total": 10902.654123674,
            "count": 1,
            "self": 115.23233087938388,
            "children": {
                "TrainerController._reset_env": {
                    "total": 6.826160179,
                    "count": 1,
                    "self": 6.826160179
                },
                "TrainerController.advance": {
                    "total": 10780.514897023617,
                    "count": 2000031,
                    "self": 38.26858881373482,
                    "children": {
                        "env_step": {
                            "total": 10742.246308209882,
                            "count": 2000031,
                            "self": 7249.005732931669,
                            "children": {
                                "SubprocessEnvManager._take_step": {
                                    "total": 3471.7430306175875,
                                    "count": 2000031,
                                    "self": 90.94421535137144,
                                    "children": {
                                        "TorchPolicy.evaluate": {
                                            "total": 3380.798815266216,
                                            "count": 2000031,
                                            "self": 378.6403003101591,
                                            "children": {
                                                "TorchPolicy.sample_actions": {
                                                    "total": 3002.158514956057,
                                                    "count": 2000031,
                                                    "self": 3002.158514956057
                                                }
                                            }
                                        }
                                    }
                                },
                                "workers": {
                                    "total": 21.49754466062588,
                                    "count": 2000031,
                                    "self": 0.0,
                                    "children": {
                                        "worker_root": {
                                            "total": 10849.807087095414,
                                            "count": 2000031,
                                            "is_parallel": true,
                                            "self": 5414.855043882415,
                                            "children": {
                                                "run_training.setup": {
                                                    "total": 0.0,
                                                    "count": 0,
                                                    "is_parallel": true,
                                                    "self": 0.0,
                                                    "children": {
                                                        "steps_from_proto": {
                                                            "total": 0.006713317999999191,
                                                            "count": 1,
                                                            "is_parallel": true,
                                                            "self": 0.0018509999999984927,
                                                            "children": {
                                                                "_process_vector_observation": {
                                                                    "total": 0.004862318000000698,
                                                                    "count": 2,
                                                                    "is_parallel": true,