{
    "name": "root",
    "gauges": {
        "Combiner.Policy.Entropy.mean": {
            "value": 3.4030675888061523,
            "min": 3.3180129528045654,
            "max": 4.768285274505615,
            "count": 137
        },
        "Combiner.Environment.LessonNumber.void_ratio.mean": {
            "value": 1.0,
            "min": 0.0,
            "max": 1.0,
            "count": 137
        },
        "Combiner.Policy.ExtrinsicValueEstimate.mean": {
            "value": 0.017989175394177437,
            "min": -0.008194916881620884,
            "max": 0.5634102821350098,
            "count": 137
        },
        "Combiner.Policy.CuriosityValueEstimate.mean": {
            "value": 2.906153917312622,
            "min": -0.6404902935028076,
            "max": 2.925898551940918,
            "count": 137
        },
        "Combiner.Environment.EpisodeLength.mean": {
            "value": 9999.0,
            "min": 819.5833333333334,
            "max": 9999.0,
            "count": 126
        },
        "Combiner.Environment.CumulativeReward.mean": {
            "value": 2.6782001173123717,
            "min": 0.6362500001705484,
            "max": 2.813800130505115,
            "count": 126
        },
        "Combiner.Policy.ExtrinsicReward.mean": {
            "value": 2.6782001173123717,
            "min": 0.6362500001705484,
            "max": 2.813800130505115,
            "count": 126
        },
        "Combiner.Policy.CuriosityReward.mean": {
            "value": 307.543276488781,
            "min": 0.0,
            "max": 378.0970104932785,
            "count": 126
        },
        "Combiner.IsTraining.mean": {
            "value": 1.0,
            "min": 1.0,
            "max": 1.0,
            "count": 137
        },
        "Combiner.Losses.ValueLoss.mean": {
            "value": 0.0012382246786728501,
            "min": 0.0005492017371580005,
            "max": 1.0462453365325928,
            "count": 133
        },
        "Combiner.Losses.PolicyLoss.mean": {
            "value": 0.09860888123512268,
            "min": 0.09052535891532898,
            "max": 0.1103675439953804,
            "count": 133
        },
        "Combiner.Policy.LearningRate.mean": {
            "value": 0.0001633682695683092,
            "min": 0.0001633682695683092,
            "max": 0.00029897497734054923,
            "count": 133
        },
        "Combiner.Policy.Epsilon.mean": {
            "value": 0.15445606410503387,
            "min": 0.15445606410503387,
            "max": 0.1996583193540573,
            "count": 133
        },
        "Combiner.Policy.Beta.mean": {
            "value": 0.002727357903495431,
            "min": 0.002727357903495431,
            "max": 0.0049829487688839436,
            "count": 133
        },
        "Combiner.Losses.CuriosityForwardLoss.mean": {
            "value": 0.2967204749584198,
            "min": 0.1921650916337967,
            "max": 4.363363742828369,
            "count": 133
        },
        "Combiner.Losses.CuriosityInverseLoss.mean": {
            "value": 2.350226402282715,
            "min": 2.2450220584869385,
            "max": 4.747231483459473,
            "count": 133
        }
    },
    "metadata": {
        "timer_format_version": "0.1.0",
        "start_time_seconds": "1615331562",
        "python_version": "3.7.9 (default, Aug 31 2020, 17:10:11) [MSC v.1916 64 bit (AMD64)]",
        "command_line_arguments": "C:\\Users\\santi\\anaconda3\\envs\\MLA\\Scripts\\mlagents-learn Combiner_R01.yaml --run-id=Combiner_R01_E",
        "mlagents_version": "0.20.0",
        "mlagents_envs_version": "0.20.0",
        "communication_protocol_version": "1.1.0",
        "tensorflow_version": "2.4.1",
        "numpy_version": "1.19.3",
        "end_time_seconds": "1615337055"
    },
    "total": 5493.478968699999,
    "count": 1,
    "self": 0.012483599999541184,
    "children": {
        "run_training.setup": {
            "total": 0.008301799999999915,
            "count": 1,
            "self": 0.008301799999999915
        },
        "TrainerController.start_learning": {
            "total": 5493.4581833,
            "count": 1,
            "self": 22.952941900068254,
            "children": {
                "TrainerController._reset_env": {
                    "total": 14.9142541,
                    "count": 1,
                    "self": 14.9142541
                },
                "TrainerController.advance": {
                    "total": 5455.104431499932,
                    "count": 686284,
                    "self": 14.332670700087874,
                    "children": {
                        "env_step": {
                            "total": 5440.771760799844,
                            "count": 686284,
                            "self": 3121.01200660032,
                            "children": {
                                "SubprocessEnvManager._take_step": {
                                    "total": 2310.9438663997953,
                                    "count": 686284,
                                    "self": 17.217326699862042,
                                    "children": {
                                        "TFPolicy.evaluate": {
                                            "total": 2293.7265396999333,
                                            "count": 686284,
                                            "self": 2293.7265396999333
                                        }
                                    }
                                },
                                "workers": {
                                    "total": 8.81588779972856,
                                    "count": 686283,
                                    "self": 0.0,
                                    "children": {
                                        "worker_root": {
                                            "total": 5464.605166000059,
                                            "count": 686283,
                                            "is_parallel": true,
                                            "self": 3573.1737529000247,
                                            "children": {
                                                "steps_from_proto": {
                                                    "total": 0.00036990000000081125,
                                                    "count": 1,
                                                    "is_parallel": true,
                                                    "self": 0.0001794000000003848,
                                                    "children": {
                                                        "_process_vector_observation": {
                                                            "total": 0.00019050000000042644,
                                                            "count": 2,
                                                            "is_parallel": true,
                                                            "self": 0.00019050000000042644
                                                        }
                                                    }
                                                },
                                                "UnityEnvironment.step": {
                                                    "total": 1891.4310432000345,
                                                    "count": 686283,
                                                    "is_parallel": true,
                                                    "self": 48.29429329990421,
                                                    "children": {
                                                        "UnityEnvironment._generate_step_input": {
                                                            "total": 37.40544690014623,
                                                            "count": 686283,