{
    "name": "root",
    "gauges": {
        "Combiner.Policy.Entropy.mean": {
            "value": 4.695559024810791,
            "min": 4.695559024810791,
            "max": 4.776046276092529,
            "count": 4
        },
        "Combiner.Environment.LessonNumber.void_ratio.mean": {
            "value": 0.0,
            "min": 0.0,
            "max": 0.0,
            "count": 4
        },
        "Combiner.Policy.ExtrinsicValueEstimate.mean": {
            "value": -0.16366519033908844,
            "min": -0.3214072585105896,
            "max": -0.16366519033908844,
            "count": 4
        },
        "Combiner.Policy.CuriosityValueEstimate.mean": {
            "value": 0.004986287094652653,
            "min": -0.20858649909496307,
            "max": 0.004986287094652653,
            "count": 4
        },
        "Combiner.Environment.EpisodeLength.mean": {
            "value": 9999.0,
            "min": 4959.0,
            "max": 9999.0,
            "count": 4
        },
        "Combiner.Environment.CumulativeReward.mean": {
            "value": -0.41699997894465923,
            "min": -0.41699997894465923,
            "max": 1.1330001134774648,
            "count": 4
        },
        "Combiner.Policy.ExtrinsicReward.mean": {
            "value": -0.41699997894465923,
            "min": -0.41699997894465923,
            "max": 1.1330001134774648,
            "count": 4
        },
        "Combiner.Policy.CuriosityReward.mean": {
            "value": 49.2804933488369,
            "min": 0.0,
            "max": 49.2804933488369,
            "count": 4
        },
        "Combiner.IsTraining.mean": {
            "value": 1.0,
            "min": 1.0,
            "max": 1.0,
            "count": 4
        },
        "Combiner.Losses.ValueLoss.mean": {
            "value": 0.003635118482634425,
            "min": 0.003635118482634425,
            "max": 0.15094412863254547,
            "count": 3
        },
        "Combiner.Losses.PolicyLoss.mean": {
            "value": 0.09968309104442596,
            "min": 0.0939582958817482,
            "max": 0.10397609323263168,
            "count": 3
        },
        "Combiner.Policy.LearningRate.mean": {
            "value": 0.0002953805960714817,
            "min": 0.0002953805960714817,
            "max": 0.0002984591410495341,
            "count": 3
        },
        "Combiner.Policy.Epsilon.mean": {
            "value": 0.1984601765871048,
            "min": 0.1984601765871048,
            "max": 0.19948641955852509,
            "count": 3
        },
        "Combiner.Policy.Beta.mean": {
            "value": 0.004923164378851652,
            "min": 0.004923164378851652,
            "max": 0.004974371753633022,
            "count": 3
        },
        "Combiner.Losses.CuriosityForwardLoss.mean": {
            "value": 0.24468079209327698,
            "min": 0.2410571426153183,
            "max": 2.163587808609009,
            "count": 3
        },
        "Combiner.Losses.CuriosityInverseLoss.mean": {
            "value": 4.1477251052856445,
            "min": 4.1477251052856445,
            "max": 4.7448883056640625,
            "count": 3
        }
    },
    "metadata": {
        "timer_format_version": "0.1.0",
        "start_time_seconds": "1615317074",
        "python_version": "3.7.9 (default, Aug 31 2020, 17:10:11) [MSC v.1916 64 bit (AMD64)]",
        "command_line_arguments": "C:\\Users\\santi\\anaconda3\\envs\\MLA\\Scripts\\mlagents-learn Combiner_R01.yaml --run-id=Combiner_R01_D",
        "mlagents_version": "0.20.0",
        "mlagents_envs_version": "0.20.0",
        "communication_protocol_version": "1.1.0",
        "tensorflow_version": "2.4.1",
        "numpy_version": "1.19.3",
        "end_time_seconds": "1615317323"
    },
    "total": 249.1348034,
    "count": 1,
    "self": 0.012639300000017784,
    "children": {
        "run_training.setup": {
            "total": 0.02736079999999852,
            "count": 1,
            "self": 0.02736079999999852
        },
        "TrainerController.start_learning": {
            "total": 249.0948033,
            "count": 1,
            "self": 1.7565317999999195,
            "children": {
                "TrainerController._reset_env": {
                    "total": 62.618190000000006,
                    "count": 1,
                    "self": 62.618190000000006
                },
                "TrainerController.advance": {
                    "total": 183.8473399000001,
                    "count": 20817,
                    "self": 0.48425460000152043,
                    "children": {
                        "env_step": {
                            "total": 183.36308529999857,
                            "count": 20817,
                            "self": 103.54483219999567,
                            "children": {
                                "SubprocessEnvManager._take_step": {
                                    "total": 79.51206580000289,
                                    "count": 20817,
                                    "self": 0.5500569000042219,
                                    "children": {
                                        "TFPolicy.evaluate": {
                                            "total": 78.96200889999866,
                                            "count": 20817,
                                            "self": 78.96200889999866
                                        }
                                    }
                                },
                                "workers": {
                                    "total": 0.30618730000001904,
                                    "count": 20816,
                                    "self": 0.0,
                                    "children": {
                                        "worker_root": {
                                            "total": 186.65759390000122,
                                            "count": 20816,
                                            "is_parallel": true,
                                            "self": 115.85551199999988,
                                            "children": {
                                                "steps_from_proto": {
                                                    "total": 0.0004842999999965514,
                                                    "count": 1,
                                                    "is_parallel": true,
                                                    "self": 0.00020589999999742759,
                                                    "children": {
                                                        "_process_vector_observation": {
                                                            "total": 0.0002783999999991238,
                                                            "count": 2,
                                                            "is_parallel": true,
                                                            "self": 0.0002783999999991238
                                                        }
                                                    }
                                                },
                                                "UnityEnvironment.step": {
                                                    "total": 70.80159760000134,
                                                    "count": 20816,
                                                    "is_parallel": true,
                                                    "self": 1.4032481999982735,
                                                    "children": {
                                                        "UnityEnvironment._generate_step_input": {
                                                            "total": 1.1965211000029612,
                                                            "count": 20816,
                                                            "is_parallel": true,