{
    "name": "root",
    "gauges": {
        "Combiner.Policy.Entropy.mean": {
            "value": 4.407166004180908,
            "min": 4.407166004180908,
            "max": 4.767278671264648,
            "count": 23
        },
        "Combiner.Environment.LessonNumber.void_ratio.mean": {
            "value": 0.0,
            "min": 0.0,
            "max": 0.0,
            "count": 23
        },
        "Combiner.Policy.ExtrinsicValueEstimate.mean": {
            "value": -0.08021577447652817,
            "min": -0.6229005455970764,
            "max": -0.08021577447652817,
            "count": 23
        },
        "Combiner.Policy.CuriosityValueEstimate.mean": {
            "value": 2.379027843475342,
            "min": 0.11028827726840973,
            "max": 2.379027843475342,
            "count": 23
        },
        "Combiner.Environment.EpisodeLength.mean": {
            "value": 9999.0,
            "min": 1031.0,
            "max": 9999.0,
            "count": 15
        },
        "Combiner.Environment.CumulativeReward.mean": {
            "value": 0.029899997840402648,
            "min": -0.20249998995132046,
            "max": 1.032200030171225,
            "count": 15
        },
        "Combiner.Policy.ExtrinsicReward.mean": {
            "value": 0.029899997840402648,
            "min": -0.20249998995132046,
            "max": 1.032200030171225,
            "count": 15
        },
        "Combiner.Policy.CuriosityReward.mean": {
            "value": 250.0959156602621,
            "min": 0.0,
            "max": 302.60398153960705,
            "count": 15
        },
        "Combiner.IsTraining.mean": {
            "value": 1.0,
            "min": 1.0,
            "max": 1.0,
            "count": 23
        },
        "Combiner.Losses.ValueLoss.mean": {
            "value": 0.0025899070315063,
            "min": 0.0017987018218263984,
            "max": 0.31792137026786804,
            "count": 22
        },
        "Combiner.Losses.PolicyLoss.mean": {
            "value": 0.10028338432312012,
            "min": 0.09624318778514862,
            "max": 0.10636685788631439,
            "count": 22
        },
        "Combiner.Policy.LearningRate.mean": {
            "value": 0.00026608124608173966,
            "min": 0.00026608124608173966,
            "max": 0.0002984591410495341,
            "count": 22
        },
        "Combiner.Policy.Epsilon.mean": {
            "value": 0.18869376182556152,
            "min": 0.18869376182556152,
            "max": 0.19948641955852509,
            "count": 22
        },
        "Combiner.Policy.Beta.mean": {
            "value": 0.004435818642377853,
            "min": 0.004435818642377853,
            "max": 0.004974371753633022,
            "count": 22
        },
        "Combiner.Losses.CuriosityForwardLoss.mean": {
            "value": 0.22167633473873138,
            "min": 0.20850779116153717,
            "max": 4.032593250274658,
            "count": 22
        },
        "Combiner.Losses.CuriosityInverseLoss.mean": {
            "value": 3.5919809341430664,
            "min": 3.568997383117676,
            "max": 4.730535984039307,
            "count": 22
        }
    },
    "metadata": {
        "timer_format_version": "0.1.0",
        "start_time_seconds": "1615329981",
        "python_version": "3.7.9 (default, Aug 31 2020, 17:10:11) [MSC v.1916 64 bit (AMD64)]",
        "command_line_arguments": "C:\\Users\\santi\\anaconda3\\envs\\MLA\\Scripts\\mlagents-learn Combiner_R01.yaml --run-id=Combiner_R01_D",
        "mlagents_version": "0.20.0",
        "mlagents_envs_version": "0.20.0",
        "communication_protocol_version": "1.1.0",
        "tensorflow_version": "2.4.1",
        "numpy_version": "1.19.3",
        "end_time_seconds": "1615330916"
    },
    "total": 934.2648735,
    "count": 1,
    "self": 0.012902799999892522,
    "children": {
        "run_training.setup": {
            "total": 0.008252099999999984,
            "count": 1,
            "self": 0.008252099999999984
        },
        "TrainerController.start_learning": {
            "total": 934.2437186000001,
            "count": 1,
            "self": 4.866995700012922,
            "children": {
                "TrainerController._reset_env": {
                    "total": 20.188585,
                    "count": 1,
                    "self": 20.188585
                },
                "TrainerController.advance": {
                    "total": 908.7163205999871,
                    "count": 118701,
                    "self": 2.520609999998328,
                    "children": {
                        "env_step": {
                            "total": 906.1957105999887,
                            "count": 118701,
                            "self": 510.8466525000025,
                            "children": {
                                "SubprocessEnvManager._take_step": {
                                    "total": 393.80643199998724,
                                    "count": 118701,
                                    "self": 3.0272210999871163,
                                    "children": {
                                        "TFPolicy.evaluate": {
                                            "total": 390.7792109000001,
                                            "count": 118701,
                                            "self": 390.7792109000001
                                        }
                                    }
                                },
                                "workers": {
                                    "total": 1.5426260999989907,
                                    "count": 118700,
                                    "self": 0.0,
                                    "children": {
                                        "worker_root": {
                                            "total": 912.3390973000018,
                                            "count": 118700,
                                            "is_parallel": true,
                                            "self": 615.3029921000239,
                                            "children": {
                                                "steps_from_proto": {
                                                    "total": 0.00036360000000001946,
                                                    "count": 1,
                                                    "is_parallel": true,
                                                    "self": 0.00017420000000001323,
                                                    "children": {
                                                        "_process_vector_observation": {
                                                            "total": 0.00018940000000000623,
                                                            "count": 2,
                                                            "is_parallel": true,
                                                            "self": 0.00018940000000000623
                                                        }
                                                    }
                                                },
                                                "UnityEnvironment.step": {
                                                    "total": 297.03574159997794,
                                                    "count": 118700,
                                                    "is_parallel": true,
                                                    "self": 7.714624999980401,
                                                    "children": {
                                                        "UnityEnvironment._generate_step_input": {
                                                            "total": 6.478885599983169,
                                                            "count": 118700,
                                                            "is_parallel": true,