{"count":1,"self":1723.1863807999998,"total":11946.6397649,"children":{"InitializeActuators":{"count":2,"self":0.0020017999999999998,"total":0.0020017999999999998,"children":null},"InitializeSensors":{"count":2,"self":0.001001,"total":0.001001,"children":null},"AgentSendState":{"count":1500451,"self":37.7753344,"total":294.4508332,"children":{"CollectObservations":{"count":3000902,"self":208.38398719999998,"total":208.3839839,"children":null},"CollectDiscreteActionMasks":{"count":3000902,"self":4.2207736,"total":4.2207735,"children":null},"RequestDecision":{"count":3000902,"self":16.145593599999998,"total":44.0707415,"children":{"AgentInfo.ToProto":{"count":3000902,"self":12.300030399999999,"total":27.925148699999998,"children":{"GenerateSensorData":{"count":3000902,"self":15.6251184,"total":15.6251179,"children":null}}}}}}},"DecideAction":{"count":1500451,"self":9579.0923776,"total":9579.0921514,"children":null},"AgentAct":{"count":1500451,"self":349.9003904,"total":349.9064231,"children":{"AgentInfo.ToProto":{"count":413,"self":0.002025,"total":0.0060442,"children":{"GenerateSensorData":{"count":413,"self":0.0040192,"total":0.0040192,"children":null}}}}}},"gauges":{"Combiner.CumulativeReward":{"count":413,"max":1.65304625,"min":-0.0528024174,"runningAverage":1.01870477,"value":0.9661327,"weightedAverage":0.831174254}},"metadata":{"timer_format_version":"0.1.0","start_time_seconds":"1615363210","unity_version":"2020.2.1f1","command_line_arguments":"C:\\Program Files\\Unity\\Hub\\Editor\\2020.2.1f1\\Editor\\Unity.exe -projectpath G:\/RC4_TechSkills\/RC4_TechSkill_Assg2 -useHub -hubIPC -cloudEnvironment production -hubSessionId 34cb8560-8034-11eb-83f4-ddb36a19453a -accessToken LRStoSiE0wdAJF2LNO8seBTe8R-EKKOmwvAcAHY0Fi8005f","communication_protocol_version":"1.2.0","com.unity.ml-agents_version":"1.6.0-preview","scene_name":"NutsSceene","end_time_seconds":"1615375157"}}