{
    "name": "root",
    "gauges": {
        "Combiner.Policy.Entropy.mean": {
            "value": 3.153169870376587,
            "min": 3.1153717041015625,
            "max": 4.769228935241699,
            "count": 200
        },
        "Combiner.Environment.LessonNumber.void_ratio.mean": {
            "value": 6.0,
            "min": 0.0,
            "max": 6.0,
            "count": 200
        },
        "Combiner.Policy.ExtrinsicValueEstimate.mean": {
            "value": 0.16992531716823578,
            "min": -1.2562614679336548,
            "max": 0.40535032749176025,
            "count": 200
        },
        "Combiner.Policy.CuriosityValueEstimate.mean": {
            "value": 0.39477771520614624,
            "min": 0.3844422399997711,
            "max": 0.7251552939414978,
            "count": 200
        },
        "Combiner.Environment.EpisodeLength.mean": {
            "value": 651.1764705882352,
            "min": 279.57575757575756,
            "max": 1987.3333333333333,
            "count": 200
        },
        "Combiner.Environment.CumulativeReward.mean": {
            "value": 1.020487530835453,
            "min": 0.8832285872714627,
            "max": 1.0309428939113527,
            "count": 200
        },
        "Combiner.Policy.ExtrinsicReward.mean": {
            "value": 1.020487530835453,
            "min": 0.8832285872714627,
            "max": 1.0309428939113527,
            "count": 200
        },
        "Combiner.Policy.CuriosityReward.mean": {
            "value": 2.8537141971755773,
            "min": 0.0,
            "max": 9.740652763151697,
            "count": 200
        },
        "Combiner.IsTraining.mean": {
            "value": 1.0,
            "min": 1.0,
            "max": 1.0,
            "count": 200
        },
        "Combiner.Losses.ValueLoss.mean": {
            "value": 0.0023297490552067757,
            "min": 0.0010798354633152485,
            "max": 0.9186723828315735,
            "count": 194
        },
        "Combiner.Losses.PolicyLoss.mean": {
            "value": 0.1005086898803711,
            "min": 0.09267124533653259,
            "max": 0.11167515069246292,
            "count": 194
        },
        "Combiner.Policy.LearningRate.mean": {
            "value": 1.0264022876071976e-06,
            "min": 1.0264022876071976e-06,
            "max": 0.0002984567836392671,
            "count": 194
        },
        "Combiner.Policy.Epsilon.mean": {
            "value": 0.10034212470054626,
            "min": 0.10034212470054626,
            "max": 0.19948557019233704,
            "count": 194
        },
        "Combiner.Policy.Beta.mean": {
            "value": 2.707083331188187e-05,
            "min": 2.707083331188187e-05,
            "max": 0.004974330775439739,
            "count": 194
        },
        "Combiner.Losses.CuriosityForwardLoss.mean": {
            "value": 0.20728400349617004,
            "min": 0.19252808392047882,
            "max": 4.025003910064697,
            "count": 194
        },
        "Combiner.Losses.CuriosityInverseLoss.mean": {
            "value": 2.160033702850342,
            "min": 2.1211442947387695,
            "max": 4.705695629119873,
            "count": 194
        }
    },
    "metadata": {
        "timer_format_version": "0.1.0",
        "start_time_seconds": "1614719104",
        "python_version": "3.7.9 (default, Aug 31 2020, 17:10:11) [MSC v.1916 64 bit (AMD64)]",
        "command_line_arguments": "C:\\Users\\santi\\anaconda3\\envs\\MLA\\Scripts\\mlagents-learn Combiner_R01.yaml --run-id=Combiner_R01_B",
        "mlagents_version": "0.20.0",
        "mlagents_envs_version": "0.20.0",
        "communication_protocol_version": "1.1.0",
        "tensorflow_version": "2.4.1",
        "numpy_version": "1.19.3",
        "end_time_seconds": "1614724861"
    },
    "total": 5757.6478992,
    "count": 1,
    "self": 0.2534704999998212,
    "children": {
        "run_training.setup": {
            "total": 0.026803600000000927,
            "count": 1,
            "self": 0.026803600000000927
        },
        "TrainerController.start_learning": {
            "total": 5757.367625100001,
            "count": 1,
            "self": 17.48265629992511,
            "children": {
                "TrainerController._reset_env": {
                    "total": 33.707693899999995,
                    "count": 1,
                    "self": 33.707693899999995
                },
                "TrainerController.advance": {
                    "total": 5705.453412400075,
                    "count": 500084,
                    "self": 10.895299199988585,
                    "children": {
                        "env_step": {
                            "total": 5694.558113200086,
                            "count": 500084,
                            "self": 3602.174647199906,
                            "children": {
                                "SubprocessEnvManager._take_step": {
                                    "total": 2085.6150374000613,
                                    "count": 500084,
                                    "self": 13.681162200179642,
                                    "children": {
                                        "TFPolicy.evaluate": {
                                            "total": 2071.9338751998816,
                                            "count": 500084,
                                            "self": 2071.9338751998816
                                        }
                                    }
                                },
                                "workers": {
                                    "total": 6.768428600119044,
                                    "count": 500084,
                                    "self": 0.0,
                                    "children": {
                                        "worker_root": {
                                            "total": 5712.274128900148,
                                            "count": 500084,
                                            "is_parallel": true,
                                            "self": 4283.571247300017,
                                            "children": {
                                                "steps_from_proto": {
                                                    "total": 0.0005258000000019081,
                                                    "count": 1,
                                                    "is_parallel": true,
                                                    "self": 0.00021870000000490109,
                                                    "children": {
                                                        "_process_vector_observation": {
                                                            "total": 0.000307099999997007,
                                                            "count": 2,
                                                            "is_parallel": true,
                                                            "self": 0.000307099999997007
                                                        }
                                                    }
                                                },
                                                "UnityEnvironment.step": {
                                                    "total": 1428.702355800131,
                                                    "count": 500084,
                                                    "is_parallel": true,
                                                    "self": 43.01687680001669,
                                                    "children": {
                                                        "UnityEnvironment._generate_step_input": {
                                                            "total": 44.57117480004559,
                                                            "count": 500084,